<?xml version="1.0" encoding="UTF-8"?>
<project-private xmlns="http://www.netbeans.org/ns/project-private/1">
    <editor-bookmarks xmlns="http://www.netbeans.org/ns/editor-bookmarks/2" lastBookmarkId="0"/>
    <open-files xmlns="http://www.netbeans.org/ns/projectui-open-files/2">
        <group>
            <file>file:/C:/Users/iagui/OneDrive/Documentos/FACULDADE/3%20SEMESTRE/PROGRAMAÇÃO%20ORIENTADA%20A%20OBJETOS%20EM%20JAVA/NetBeansProjects/AgendaTelefonica/src/agendatelefonica/AgendaTelefonica.java</file>
            <file>file:/C:/Users/iagui/OneDrive/Documentos/FACULDADE/3%20SEMESTRE/PROGRAMAÇÃO%20ORIENTADA%20A%20OBJETOS%20EM%20JAVA/NetBeansProjects/AgendaTelefonica/src/conexao/ConnectionFactory.java</file>
            <file>file:/C:/Users/iagui/OneDrive/Documentos/FACULDADE/3%20SEMESTRE/PROGRAMAÇÃO%20ORIENTADA%20A%20OBJETOS%20EM%20JAVA/NetBeansProjects/AgendaTelefonica/src/dao/AgendaDAO.java</file>
            <file>file:/C:/Users/iagui/OneDrive/Documentos/FACULDADE/3%20SEMESTRE/PROGRAMAÇÃO%20ORIENTADA%20A%20OBJETOS%20EM%20JAVA/NetBeansProjects/AgendaTelefonica/src/dto/Agenda.java</file>
        </group>
    </open-files>
</project-private>
